Modeled in SLA4OAI?,API name,Category,In Neuman TSC?,HAS_PLAN,Pricing URL,API Docs URL,SLA4OAI able to model ALL (no N/A),SLA4OAI able to model ALL,SLA4OAI able to model all limitations?,Has violation allowance (!=overage),Mention ~capacity,Global metrics,N != 1 time units,Has limitations based on GET parameters?,Has limitations based on HTTP-stuff?,Has quotas,Has public rates,Documentation has 429 HTTP code/or similar,Has bursts,Explicit hidden rates,Limitation value depends on something,||,SLA4OAI able to model all cost-related aspects?,Simple (base) costFunction (eg. monthly cost),Cost per invocation,Has complements or 'extras',Has per user pricing,Has overage
,Brightpearl,Enterprise,NO_INDEX,HAS_PLAN,https://www.brightpearl.com/pricing,https://help.brightpearl.com/hc/en-us/articles/212644823-Request-throttling,Yes,Yes,Yes,No,No,"Yes, #req",No,No,No,Yes,No,Yes,No,No,No,,Yes,Yes,No,No,No,No
,Capsule Crm,Enterprise,NO_INDEX,HAS_PLAN,https://capsulecrm.com/signup/,https://developer.capsulecrm.com/v2/overview/handling-api-responses#ratelimit,No,No,Yes,No,No,"Yes, #req",No,No,No,Yes,Yes,Yes,No,No,No,,No,Yes,No,No,Yes,No
Yes,Dblp,Unknown,NO_INDEX,HAS_PLAN,https://dblp.uni-trier.de/faq/1474706.html,https://dblp.uni-trier.de/faq/13501473,Yes,Yes,Yes,No,No,"Yes, #req is shared across every resource",No,No,No,No,No,Yes,No,Yes,No,,Yes,Yes,No,No,No,No
Yes,Debitoor,Finance,NO_INDEX,HAS_PLAN,https://debitoor.com/pricing,https://developers.debitoor.com/api-reference,Yes,Yes,Yes,No,No,"Yes, #req",No,No,No,Yes,Yes,Yes,No,No,No,,Yes,Yes,No,No,No,No
,Ecwid,eCommerce,NO_INDEX,HAS_PLAN,https://www.ecwid.com/pricing,https://developers.ecwid.com/api-documentation/rest-api-reference,No,No,No,No,No,"Yes, #req (per IP)",Yes,No,No,No,Yes,Yes,Yes,No,No,,Yes,Yes,No,No,No,No
Yes,Eversign,Unknown,NO_INDEX,HAS_PLAN,https://eversign.com/api#pricing,https://eversign.com/api/documentation,No,No,Yes,No,No,No,No,No,No,Yes,No,No,No,No,No,,No,Yes,No,No,Yes,No
Yes,Here,Unknown,NO_INDEX,HAS_PLAN,https://developer.here.com/pricing,https://developer.here.com/documentation,No,No,Yes,No,No,"Yes, #req is shared across every resource",Yes,No,No,Yes,Yes,Yes,No,No,No,,No,Yes,No,No,Yes,No
,Lightspeed,eCommerce,NO_INDEX,HAS_PLAN,https://www.lightspeedhq.com/pos/onsite/pricing/,https://developers.lightspeedhq.com/ecom/introduction/rate-limiting/,Yes,Yes,Yes,No,No,"Yes, #req",Yes,No,No,No,Yes,Yes,No,No,No,,Yes,No,No,No,No,No
,Recurly,Payments,NO_INDEX,HAS_PLAN,https://recurly.com/plans/,https://dev.recurly.com/docs/pagination,No,No,Yes,No,No,"Yes, #req",Yes,No,No,No,Yes,Yes,No,No,No,,No,Yes,Yes,Yes,No,No
Yes,Scopus,Data,NO_INDEX,HAS_PLAN,https://www.elsevier.com/books-and-journals/journal-pricing/print-price-list,https://dev.elsevier.com/api_key_settings.html,Yes,Yes,Yes,No,No,"Yes, #req",No,No,No,Yes,Yes,Yes,No,No,No,,Yes,Yes,No,No,No,No
,Yummly,Unknown,NO_INDEX,HAS_PLAN,https://www.yummly.com/pro,https://developer.yummly.com/documentation.html,Yes,Yes,Yes,No,No,"Yes, #req",No,No,No,No,No,Yes,No,Yes,No,,Yes,Yes,No,No,No,No
,Act-on,Data,NO_INDEX,HAS_PLAN,https://www.act-on.com/pricing/,https://developer.act-on.com/documentation/faq/,Yes,Yes,Yes,No,No,"Yes, #req",No,No,No,Yes,Yes,Yes,No,No,No,,Yes,Yes,No,No,No,No
,Aiception,Unknown,NO_INDEX,HAS_PLAN,https://aiception.com/,https://aiception.com/static/swagger/index.html,Yes,Yes,Yes,No,No,No,No,No,No,Yes,No,Yes,No,No,No,,Yes,Yes,Yes,No,No,No
,Api2cart,eCommerce,NO_INDEX,HAS_PLAN,https://api2cart.com/pricing/,https://docs.api2cart.com/,Yes,Yes,Yes,No,No,"Yes, #req",No,No,No,Yes,No,No,No,No,No,,Yes,Yes,No,No,No,No
,Barzahlen,Payments,NO_INDEX,HAS_PLAN,https://www.barzahlen.de/?lang=de-bz,https://docs.barzahlen.de/api/v2/#rate-limiting,No,No,No,No,Yes,"Yes, #req",No,No,No,No,Yes,Yes,Yes,No,No,,Yes,No,No,No,No,No
,Behindthename,Tools,NO_INDEX,HAS_PLAN,https://www.behindthename.com/info/terms,https://www.behindthename.com/api/help.php,Yes,Yes,Yes,No,No,No,No,No,No,No,No,No,No,No,No,,Yes,Yes,No,No,No,No
,Checkmarks,Social,NO_INDEX,HAS_PLAN,https://checkmarks.com/,https://checkmarks.com/documentation/,Yes,Yes,Yes,No,No,"Yes, #req",No,No,No,Yes,No,No,No,No,No,,Yes,Yes,No,No,No,No
Yes,Clarifai,Video,NO_INDEX,HAS_PLAN,https://www.clarifai.com/pricing,https://docs.clarifai.com/,No,No,No,No,No,"Yes, #req",No,No,Yes,Yes,Yes,Yes,No,No,No,,No,No,Yes,"Yes, a better rate",No,No
,Cloudsight,Unknown,NO_INDEX,HAS_PLAN,http://www.discoversdk.com/products/cloudsight-api,https://cloudsight.docs.apiary.io/#,Yes,Yes,Yes,No,No,"Yes, #req",No,No,No,Yes,No,No,No,No,No,,Yes,No,No,No,No,No
,Currency Cloud,Payments,NO_INDEX,HAS_PLAN,https://www.currencycloud.com/support/topic/type/faqs/,https://www.currencycloud.com/developers/cookbooks/rate-limiting/,Yes,Yes,Yes,No,No,"Yes, #req",No,No,No,Yes,Yes,Yes,No,No,No,,Yes,Yes,Yes,No,No,No
,Exchangerates,Finance,NO_INDEX,HAS_PLAN,https://exchangeratesapi.io/,https://exchangeratesapi.io/,Yes,Yes,Yes,No,No,No,No,No,No,No,No,No,No,No,No,,Yes,Yes,No,No,No,No
,Flightstats,Unknown,NO_INDEX,HAS_PLAN,https://www.flightstats.com/v2/historical-flight/subscribe,https://developer.flightstats.com/api-docs/,Yes,Yes,Yes,No,No,"Yes, #req",No,No,No,Yes,No,No,No,No,No,,Yes,Yes,No,No,No,No
Yes,Fullcontact,Tools,NO_INDEX,HAS_PLAN,https://www.fullcontact.com/pricing/,https://www.fullcontact.com/developer-portal/,Yes,Yes,Yes,No,No,"Yes, #req",No,No,No,Yes,Yes,Yes,No,No,No,,Yes,Yes,No,No,No,Yes
Yes,Georanker,Search,NO_INDEX,HAS_PLAN,https://www.georanker.com/plans-api,https://www.georanker.com/api,No,No,Yes,No,No,"Yes, #credits",No,No,No,Yes,Yes,Yes,No,No,No,,No,Yes,Yes,Yes* (multiplier price x2 if realtime),No,No
,Hellosign,Enterprise,NO_INDEX,HAS_PLAN,https://app.hellosign.com/api/pricing,https://app.hellosign.com/api/documentation,Yes,Yes,Yes,No,No,"Yes, #req",No,No,No,Yes,Yes,Yes,No,No,No,,Yes,Yes,No,No,No,No
Yes,Htm2pdf,Tools,NO_INDEX,HAS_PLAN,https://www.htm2pdf.co.uk/plans-and-pricing/,https://www.htm2pdf.co.uk/html-to-pdf-api/,Yes,Yes,Yes,No,No,No,No,No,No,Yes,No,No,No,No,No,,Yes,Yes,No,No,No,No
,Iban,Finance,NO_INDEX,HAS_PLAN,https://es.iban.com/pricing,https://es.iban.com/validation-api,Yes,Yes,Yes,No,No,No,No,No,No,No,No,No,No,No,No,,Yes,Yes,Yes,No,No,No
Yes,Lob,Cloud,NO_INDEX,HAS_PLAN,https://lob.com/pricing/print-mail,https://lob.com/docs,Yes,Yes,Yes,No,No,"Yes, #req",Yes,No,No,Yes,Yes,Yes,No,No,No,,Yes,Yes,Yes,No,No,Yes
,Mapillary,Mobile,NO_INDEX,HAS_PLAN,https://www.mapillary.com/pricing,https://www.mapillary.com/developer/api-documentation/,Yes,Yes,Yes,No,No,No,No,No,No,No,No,No,No,No,No,,Yes,Yes,No,No,No,No
,Namechk,Social,NO_INDEX,HAS_PLAN,https://namechk.com/access,https://namechk.com/access,Yes,Yes,Yes,No,No,"Yes, #req",No,No,No,Yes,No,No,No,Yes,No,,Yes,Yes,No,No,No,No
Yes,Openweather,Mapping,NO_INDEX,HAS_PLAN,https://openweathermap.org/price,https://openweathermap.org/api,No,No,No,No,No,"Yes, #req",No,Yes,No,No,Yes,Yes,No,No,No,,Yes,Yes,No,No,No,No
,Pricejson,eCommerce,NO_INDEX,HAS_PLAN,https://www.pricejson.com/,https://www.pricejson.com/,Yes,Yes,Yes,No,No,"Yes, #req",No,No,No,No,No,No,No,No,No,,Yes,No,Yes,No,No,No
,Protexting Sms,Messaging,NO_INDEX,HAS_PLAN,https://www.protexting.com/messaging-pricing-spain.html,https://www.protexting.com/developers/docs/send-sms-mms,Yes,Yes,Yes,No,No,"Yes, #credits",No,No,No,Yes,Yes,No,No,Yes,No,,Yes,Yes,No,No,No,No
,Pushwoosh,Messaging,NO_INDEX,HAS_PLAN,https://www.pushwoosh.com/pricing/,https://docs.pushwoosh.com/platform-docs/getting-started/control-panel-overview/,Yes,Yes,Yes,No,No,No,No,No,No,Yes,No,No,No,Yes,No,,Yes,Yes,No,No,No,Yes
,Scrive,Enterprise,NO_INDEX,HAS_PLAN,https://www.scrive.com/pricing-api/,https://apidocs.scrive.com/,Yes,Yes,Yes,No,No,No,No,No,No,Yes,No,No,No,Yes,No,,Yes,Yes,No,No,No,No
Yes,Shodan,Search,NO_INDEX,HAS_PLAN,https://developer.shodan.io/api,https://developer.shodan.io/api,Yes,Yes,Yes,No,No,"Yes, #credits",No,No,No,Yes,Yes,No,No,No,No,,Yes,Yes,No,No,No,No
,Signnow,Enterprise,NO_INDEX,HAS_PLAN,https://snseats.signnow.com/purchase/api/pricing,https://help.signnow.com/reference,Yes,Yes,Yes,No,No,No,No,No,No,Yes,No,No,No,No,No,,Yes,Yes,No,No,No,No
Yes,Sportradar,Analytics,NO_INDEX,HAS_PLAN,https://developer.sportradar.com/API_Packaging,https://developer.sportradar.com/docs/read/Home,Yes,Yes,Yes,No,No,No,No,No,No,Yes,No,No,No,No,No,,Yes,Yes,No,No,No,No
Yes,Twilio,Messaging,NO_INDEX,HAS_PLAN,https://www.twilio.com/sms/pricing/us,https://www.twilio.com/docs/api,Yes,Yes,Yes,No,No,"Yes, #concurrent_req",No,No,No,No,Yes,Yes,No,No,No,,Yes,No,Yes,No,No,Yes
,Uclassify,Tools,NO_INDEX,HAS_PLAN,https://www.uclassify.com/pricing,https://www.uclassify.com/docs,Yes,Yes,Yes,No,No,"Yes, #req",No,No,No,Yes,Yes,Yes,No,No,No,,Yes,Yes,No,No,No,No
,Vouchers Im,eCommerce,NO_INDEX,HAS_PLAN,http://vouchers.im/info/api,http://vouchers.im/info/api,Yes,Yes,Yes,No,No,"Yes, #apiUnits",No,No,No,Yes,No,No,No,No,No,,Yes,Yes,No,No,No,No
Yes,Accuweather,News and Media,372,HAS_PLAN,https://developer.accuweather.com/packages,https://developer.accuweather.com/,Yes,Yes,Yes,No,No,"Yes, #req",No,No,No,Yes,No,No,No,No,No,,Yes,Yes,Yes,No,No,No
,Alphacoders,Internet and Telecom,2637,HAS_PLAN,https://wall.alphacoders.com/api.php?lang=German#,https://wall.alphacoders.com/api.php?lang=German#,Yes,Yes,Yes,No,No,"Yes, #req",No,No,No,Yes,No,No,No,No,No,,Yes,Yes,No,No,No,Yes
,Autodesk Data Management,Computer and Electronics,889,HAS_PLAN,https://forge.autodesk.com/pricing,https://forge.autodesk.com/en/docs/data/v2/developers_guide/rate-limiting/,No,No,No,No,Yes,"Yes, #req,#credits",No,No,Yes,Yes,No,No,No,Yes,No,,Yes,No,Yes,No,No,No
,Besoccer,Sports,3358,HAS_PLAN,https://es.besoccer.com/api,http://www.besoccer.com/api/documentacion,No,No,No,No,No,No,No,Yes,No,No,No,No,No,No,No,,Yes,Yes,No,No,No,No
Yes,Bing Web Search,Internet and Telecom,29,HAS_PLAN,https://azure.microsoft.com/es-es/pricing/details/cognitive-services/search-api/,https://www.microsoft.com/cognitive-services/en-us/bing-web-search-api,No,No,Yes,No,No,"Yes, #req",No,No,No,Yes,Yes,No,No,No,No,,No,No,Yes,Yes,No,No
,Convertapi,Computer and Electronics,3969,HAS_PLAN,https://www.convertapi.com/prices,https://www.convertapi.com/doc,Yes,Yes,Yes,No,No,"Yes, execTime",No,No,No,No,No,No,No,Yes,No,,Yes,Yes,No,No,No,No
Yes,Currencylayer,Unknown,NO_INDEX,HAS_PLAN,https://currencylayer.com/product,https://currencylayer.com/documentation,No,No,Yes,No,No,No,No,No,No,Yes,No,No,No,No,No,,No,No,Yes,Yes,No,No
Yes,Docusign,Computer and Electronics,2722,HAS_PLAN,https://www.docusign.com/products-and-pricing/api-plans-b,https://developers.docusign.com/esign-rest-api/guides,Yes,Yes,Yes,No,No,"Yes, #req is shared across every resource",No,No,No,Yes,Yes,Yes,No,Yes,No,,Yes,Yes,No,No,No,No
,Ekata,Reference,1590,HAS_PLAN,https://ekata.com/packages/,https://ekata.com/developer/documentation/api-overview/,Yes,Yes,Yes,No,No,"Yes, #req",No,No,No,Yes,No,Yes,No,Yes,No,,Yes,Yes,No,No,No,No
,Google Custom Search,Internet and Telecom,1,HAS_PLAN,https://developers.google.com/custom-search/docs/tutorial/creatingcse,https://developers.google.com/custom-search/json-api/v1/overview,Yes,Yes,Yes,No,No,"Yes, #req",No,No,No,Yes,No,No,No,No,No,,Yes,No,No,No,No,Yes
,Ilovepdf,Computer and Electronics,3023,HAS_PLAN,https://developer.ilovepdf.com/pricing,https://developer.ilovepdf.com/docs,Yes,Yes,Yes,No,No,"Yes, #files",No,No,No,Yes,No,Yes,No,Yes,No,,Yes,Yes,No,No,No,No
,Imgur,Internet and Telecom,70,HAS_PLAN,https://issuu.com/pricing,https://developers.issuu.com/search/getting-started/,No,No,No,Yes,No,"Yes, #credits",No,No,No,Yes,Yes,No,No,No,No,,Yes,Yes,No,No,No,Yes
,Keywordtool,Internet and Telecom,3636,HAS_PLAN,http://keywordtool.io/api/documentation,https://developer.laposte.fr/products/controladresse/latest,Yes,Yes,Yes,No,No,"Yes, #req",No,No,No,Yes,Yes,Yes,No,No,No,,Yes,Yes,No,No,No,No
,Laposte,Business and Industry,2277,HAS_PLAN,https://developer.laposte.fr/,https://developer.laposte.fr/products,Yes,Yes,Yes,No,No,No,No,No,No,No,No,No,No,No,No,,Yes,Yes,No,No,No,No
Yes,Mailgun,Unknown,NO_INDEX,HAS_PLAN,https://www.mailgun.com/pricing/,https://documentation.mailgun.com/,No,No,Yes,No,No,"Yes, #req is shared across every resource",No,No,No,Yes,Yes,Yes,No,No,No,,No,Yes,Yes,Yes,No,Yes
Yes,Meaningcloud,Unknown,NO_INDEX,HAS_PLAN,https://www.meaningcloud.com/es/productos/precios,https://www.meaningcloud.com/developer/sentiment-analysis,Yes,Yes,Yes,No,No,"Yes, #req is shared across every resource",No,No,No,Yes,Yes,Yes,No,No,No,,Yes,Yes,No,No,No,No
Yes,Moz,Internet and Telecom,1555,HAS_PLAN,https://moz.com/products/api/pricing,https://moz.com/help/guides/moz-api/mozscape,Yes,Yes,Yes,No,No,"Yes, #req is shared across every resource",No,No,No,Yes,Yes,Yes,No,No,No,,Yes,Yes,No,No,No,Yes
,Musixmatch,Arts and Entertainment,2789,HAS_PLAN,https://developer.musixmatch.com/plans,https://developer.musixmatch.com/documentation,Yes,Yes,Yes,No,No,"Yes, #req",No,No,No,Yes,Yes,Yes,No,No,No,,Yes,Yes,No,No,No,No
,Nfl,Sports,732,HAS_PLAN,https://profootballapi.com/,https://profootballapi.com/docs,Yes,Yes,Yes,No,No,No,No,No,No,No,No,No,No,No,No,,Yes,Yes,No,No,No,No
Yes,Nutritionix,Unknown,NO_INDEX,HAS_PLAN,https://www.nutritionix.com/business/api,https://docs.google.com/document/d/1-BLTi52NCcKczpr1uYonj6D--XUht0S4WthNzMxlFHA/edit,Yes,Yes,Yes,No,No,"Yes, active users",No,No,No,Yes,No,No,No,No,No,,Yes,Yes,No,No,No,Yes
,Online-convert,Computer and Electronics,1347,HAS_PLAN,https://apiv2.online-convert.com/docs/summary/pricing.html,https://apiv2.online-convert.com/docs/getting_started/quickstart.html,Yes,Yes,Yes,No,No,"Yes, execTime",No,No,No,No,No,No,No,No,No,,Yes,Yes,No,No,No,No
,Oxforddictionaries,Reference,2041,HAS_PLAN,https://developer.oxforddictionaries.com/,https://developer.oxforddictionaries.com/documentation,Yes,Yes,Yes,No,No,"Yes, #req",No,No,No,Yes,Yes,Yes,No,No,No,,Yes,Yes,No,No,No,No
Yes,Quickblox,Unknown,NO_INDEX,HAS_PLAN,https://quickblox.com/pricing/,https://docs.quickblox.com/?_ga=2.173415075.1858239401.1585312987-1447393030.1568645682,Yes,Yes,Yes,No,No,"Yes, #req is shared across every resource",No,No,No,Yes,Yes,Yes,No,No,No,,Yes,Yes,No,No,No,No
,Theguardian,News and Media,85,HAS_PLAN,https://open-platform.theguardian.com/access/,https://open-platform.theguardian.com/documentation/,Yes,Yes,Yes,No,No,"Yes, #req",No,No,No,Yes,Yes,Yes,No,No,No,,Yes,Yes,No,No,No,No
,Whoisxmlapi,Internet and Telecom,2429,HAS_PLAN,https://main.whoisxmlapi.com/api-packages/enterprise-api-package,https://www.whoisxmlapi.com/whois-api-guide.php,Yes,Yes,Yes,No,No,"Yes, #req",No,No,No,Yes,Yes,Yes,No,No,No,,Yes,Yes,No,No,No,No
,Wine-searcher,Food and Drink,3040,HAS_PLAN,https://www.wine-searcher.com/api,http://www.wine-searcher.com/ws-api.lml,Yes,Yes,Yes,No,No,"Yes, #req",No,No,No,Yes,No,No,No,No,No,,Yes,Yes,No,No,No,No
,Yandex Static Maps,Internet and Telecom,40,HAS_PLAN,https://tech.yandex.com/maps/tariffs/doc/jsapi/prices/index-docpage/,https://tech.yandex.com/,Yes,Yes,Yes,No,No,"Yes, #req",No,No,No,Yes,No,No,No,No,No,,Yes,Yes,No,No,No,Yes
,Gtmetrix,Computer and Electronics,2782,HAS_PLAN,https://gtmetrix.com/pro/,https://gtmetrix.com/api/,Yes,Yes,Yes,No,No,"Yes, #credits, #concurrent",No,No,No,Yes,Yes,Yes,No,No,No,,Yes,Yes,No,No,No,No
,Issuu,Books and Literature,858,HAS_PLAN,https://keywordtool.io/es/pro,https://developers.issuu.com/api-limits/,No,No,No,No,No,"Yes, #req, #uploads",No,No,"Yes, bodySize",Yes,Yes,Yes,Yes,No,No,,Yes,Yes,No,No,No,No
,Line,Internet and Telecom,507,HAS_PLAN,https://pay.line.me/portal/global/main,https://developers.line.biz/en/reference/messaging-api/#rate-limits,Yes,Yes,Yes,No,No,"Yes, #req",No,No,No,Yes,Yes,Yes,No,No,No,,Yes,Yes,No,No,No,No
,Similarweb,Internet and Telecom,1589,HAS_PLAN,https://www.similarweb.com/corp/pricing/,https://developer.similarweb.com/estimated_visits_api,No,No,No,No,No,"Yes, #req",No,Yes,No,No,Yes,Yes,No,No,No,,Yes,No,No,No,No,No
Yes,Surveymonkey,Business and Industry,618,HAS_PLAN,https://es.surveymonkey.com/pricing/,https://developer.surveymonkey.com/api/v3/,No,No,No,Yes,No,"Yes, #req",No,No,No,Yes,Yes,Yes,No,No,No,,No,Yes,No,No,Yes,No
,Zoho,Computer and Electronics,508,HAS_PLAN,https://www.zoho.com/es-xl/crm/zohocrm-pricing.html,https://www.zoho.com/crm/developer/docs/api/api-limits.html,No,No,Yes,No,No,"Yes, #credits, #concurrent",No,No,No,Yes,Yes,Yes,No,No,No,,No,Yes,No,Yes,Yes,Yes
,Zoom,Arts and Entertainment,1264,HAS_PLAN,https://zoom.us/pricing,https://marketplace.zoom.us/docs/guides/announcements#rate-limit-changes,No,No,Yes,No,Yes,"Yes, #req",No,No,No,Yes,Yes,Yes,No,No,No,,No,Yes,No,Yes,Yes,No
,4shared,Internet and Telecom,419,HAS_PLAN,https://www.4shared.com/premium.jsp?ref=main,http://www.4shared.com/developer/docs/?locale=de,No,No,No,No,No,"Yes, #req, #storage",No,No,Yes,Yes,Yes,Yes,No,No,No,,Yes,Yes,No,No,No,No
,Alibaba,Shopping,129,HAS_PLAN,https://www.alibabacloud.com/pricing,https://open.alibaba.com/us/portal/resourceDetail?articleId=102686&categoryId=101731,Yes,Yes,Yes,No,No,"Yes, #req",Yes,No,No,No,No,Yes,No,Yes,No,,Yes,Yes,Yes,No,No,No
,Basecamp,Business and Industry,1064,HAS_PLAN,https://basecamp.com/pricing,https://github.com/basecamp/bc3-api,Yes,Yes,Yes,No,No,"Yes, #req",Yes,No,No,No,Yes,Yes,No,No,No,,Yes,Yes,No,No,No,No
,Bitbucket,Computer and Electronics,766,HAS_PLAN,https://bitbucket.org/product/es/pricing,https://confluence.atlassian.com/bitbucket/use-the-bitbucket-cloud-rest-apis-222724129.html,No,No,Yes,No,No,"Yes, #req",No,No,No,No,Yes,Yes,No,No,No,,No,Yes,No,No,Yes,No
,Bitly,Internet and Telecom,615,HAS_PLAN,https://bitly.com/pages/pricing,https://dev.bitly.com/v4/#section/Rate-Limiting,Yes,Yes,Yes,No,No,"Yes, #req",No,No,No,Yes,Yes,Yes,No,No,No,,Yes,Yes,No,No,No,No
,Bluehost,Internet and Telecom,1213,HAS_PLAN,https://www.bluehost.com/web-hosting/signup,https://cp.br.bluehost.com/kb/node/3236,No,No,No,No,No,"Yes, #req, #storage",No,No,Yes,Yes,Yes,Yes,No,No,No,,Yes,Yes,No,No,No,No
Yes,Box,Internet and Telecom,490,HAS_PLAN,https://www.box.com/es-419/pricing,https://developer.box.com/guides/api-calls/permissions-and-errors/rate-limits/,No,No,No,No,No,"Yes, #req",No,No,Yes,No,Yes,Yes,No,No,No,,No,Yes,No,No,Yes,No
,Cloudflare,Internet and Telecom,1115,HAS_PLAN,https://www.cloudflare.com/es-es/plans/,https://api.cloudflare.com/,No,No,Yes,No,No,"Yes, #req",Yes,No,No,No,Yes,Yes,No,No,No,,No,Yes,Yes,Yes,No,No
,Constantcontact,Business and Industry,1091,HAS_PLAN,https://www.constantcontact.com/es/price-plans,https://developer.constantcontact.com/docs/developer-guides/api-documentation-index.html,No,No,Yes,No,Yes,"Yes, #req",No,No,No,Yes,Yes,Yes,No,No,No,,No,Yes,No,No,Yes,No
,Crunchbase,Computer and Electronics,2043,HAS_PLAN,https://about.crunchbase.com/products/pricing/,https://data.crunchbase.com/docs/using-the-api,Yes,Yes,Yes,No,No,"Yes, #req",No,No,No,Yes,No,Yes,No,Yes,No,,Yes,Yes,No,No,No,No
,Depositphotos,Arts and Entertainment,1661,HAS_PLAN,https://sp.depositphotos.com/subscribe.html,http://api.depositphotos.com/doc/,Yes,Yes,Yes,No,No,"Yes, #req",No,No,No,Yes,No,No,No,No,No,,Yes,Yes,Yes,No,No,No
,Digitalocean,Internet and Telecom,1350,HAS_PLAN,https://www.digitalocean.com/pricing/,https://developers.digitalocean.com/documentation/v2/#rate-limit,Yes,Yes,Yes,No,No,"Yes, #req",No,No,No,No,Yes,Yes,No,No,No,,Yes,Yes,Yes,No,No,No
,Disqus,Internet and Telecom,627,HAS_PLAN,https://disqus.com/pricing/,https://disqus.com/api/docs/,Yes,Yes,Yes,No,No,"Yes, #req",No,No,No,No,Yes,Yes,No,No,No,,Yes,Yes,No,No,No,No
,Domaintools,Internet and Telecom,1976,HAS_PLAN,https://www.domaintools.com/products/domain-research/pricing/,https://www.domaintools.com/resources/api-documentation/iris-investigate/,No,No,No,No,No,"Yes, #req",No,No,Yes,Yes,Yes,Yes,No,No,No,,Yes,Yes,No,No,No,No
,Doubleclick,Internet and Telecom,197,HAS_PLAN,https://ads.google.com/home/pricing/,https://developers.google.com/search-ads/v2/reference,Yes,Yes,Yes,No,No,"Yes, #req",No,No,No,Yes,Yes,Yes,No,No,No,,Yes,Yes,No,No,No,No
Yes,Dropbox,Internet and Telecom,60,HAS_PLAN,https://www.dropbox.com/es_ES/individual/plans-comparison,https://www.dropbox.com/developers/documentation/http/documentation,No,No,No,No,No,"Yes, #req, #storage",No,No,Yes,Yes,Yes,Yes,No,No,No,,Yes,Yes,No,No,No,No
,Envato,Business and Industry,1505,HAS_PLAN,https://elements.envato.com/es-419/pricing,https://build.envato.com/api/,Yes,Yes,Yes,No,No,"Yes, #req",No,No,No,No,No,Yes,No,Yes,No,,Yes,Yes,No,No,No,No
,Exlibrisgroup,Career and Education,3345,HAS_PLAN,https://knowledge.exlibrisgroup.com/Alma/Product_Documentation/010Alma_Online_Help_(English)/080Analytics/Alma_Analytics_Subject_Areas/Cost_Usage,https://developers.exlibrisgroup.com/alma/apis/,Yes,Yes,Yes,No,Yes,"Yes, #req",No,No,No,Yes,Yes,Yes,No,No,No,,Yes,Yes,No,No,No,No
,Feedly,News and Media,338,HAS_PLAN,https://feedly.com/i/pro/welcome,https://developer.feedly.com/cloud/#rate-limiting,No,No,No,No,No,"Yes, #req",No,Yes,No,Yes,No,Yes,No,Yes,No,,No,Yes,No,No,Yes,No
,Flickr,Arts and Entertainment,381,HAS_PLAN,https://www.flickr.com/account/upgrade/pro,https://www.flickr.com/services/api/,No,No,No,No,No,"Yes, #req, #storage",No,No,Yes,Yes,Yes,Yes,No,No,No,,Yes,Yes,No,No,No,No
,Getpocket,Computer and Electronics,653,HAS_PLAN,https://getpocket.com/premium,https://getpocket.com/developer/docs/overview,Yes,Yes,Yes,No,No,"Yes, #req",No,No,No,No,Yes,Yes,No,No,No,,Yes,Yes,No,No,No,No
,Getresponse,Internet and Telecom,2204,HAS_PLAN,https://secure.getresponse.com/pricing/en,https://apidocs.getresponse.com/v3,Yes,Yes,Yes,No,No,"Yes, #req",Yes,No,No,Yes,Yes,Yes,No,No,No,,Yes,Yes,No,No,No,No
,Gettyimages,Arts and Entertainment,2015,HAS_PLAN,https://www.gettyimages.es/planes-y-precios,https://developers.gettyimages.com/api/,Yes,Yes,Yes,No,No,"Yes, #req",No,No,No,Yes,Yes,Yes,No,No,No,,Yes,No,Yes,No,No,No
Yes,Github,Computer and Electronics,49,HAS_PLAN,https://github.com/pricing,https://developer.github.com/v3/,No,No,No,No,No,"Yes, #req, #privrepo",No,No,Yes,Yes,Yes,Yes,No,No,No,,No,Yes,No,No,Yes,No
,Gyazo,Computer and Electronics,569,HAS_PLAN,https://gyazo.com/pricing,https://gyazo.com/api/docs?lang=de,No,No,Yes,No,No,"Yes, #req",No,No,No,Yes,No,Yes,No,No,No,,No,Yes,No,No,Yes,No
,Herokuapp,Computer and Electronics,1416,HAS_PLAN,https://www.heroku.com/pricing,https://devcenter.heroku.com/articles/platform-api-reference,No,No,Yes,No,No,"Yes, #req",No,No,No,No,Yes,Yes,No,No,No,,No,Yes,Yes,Yes,No,No
,Hubspot,Internet and Telecom,568,HAS_PLAN,https://www.hubspot.es/pricing/marketing?term=annual&edition=starter,https://developers.hubspot.com/docs/overview,Yes,Yes,Yes,No,No,"Yes, #req",No,No,No,Yes,Yes,Yes,No,No,No,,Yes,Yes,No,No,No,No
,Icims,Career and Education,1538,HAS_PLAN,https://www.icims.com/view-demo/?p=hs,https://developer.icims.com/REST-API,No,No,No,Yes,No,"Yes, #req",No,No,No,Yes,No,Yes,No,No,No,,Yes,Yes,No,No,No,No
,Iconfinder,Internet and Telecom,2876,HAS_PLAN,https://blog.iconfinder.com/iconfinder-pro-price-changes-and-a-new-icon-editor-6175a80fbcf7,https://developer.iconfinder.com/#rate-limiting,Yes,Yes,Yes,No,No,"Yes, #req, #dowloads",No,No,No,Yes,Yes,Yes,No,No,No,,Yes,Yes,No,No,No,No
,Infusionsoft,Computer and Electronics,550,HAS_PLAN,https://keap.com/pricing,https://developer.infusionsoft.com/2015/11/30/say-hello-to-our-new-rest-api/,Yes,Yes,Yes,No,No,"Yes, #req",No,No,No,No,Yes,Yes,No,No,No,,Yes,Yes,No,No,No,No
,Inoreader,People and Society,3288,HAS_PLAN,https://www.inoreader.com/upgrade/feature/price_changes,https://www.inoreader.com/developers/rate-limiting,Yes,Yes,Yes,No,No,"Yes, #req",No,No,No,Yes,No,No,No,No,No,,Yes,Yes,No,No,No,No
,Livestream,Arts and Entertainment,3258,HAS_PLAN,https://livestream.com/platform/pricing,https://livestream.com/developers/docs/api/,Yes,Yes,Yes,No,No,"Yes, #req",No,No,No,No,Yes,Yes,No,No,No,,Yes,Yes,No,No,No,No
,Lufthansa,Travel,3938,HAS_PLAN,https://developer.lufthansa.com/contact,https://developer.lufthansa.com/docs,Yes,Yes,Yes,No,No,"Yes, #req",No,No,No,No,Yes,Yes,No,No,No,,Yes,Yes,No,No,No,No
Yes,Mailchimp,Internet and Telecom,285,HAS_PLAN,https://mailchimp.com/pricing/calculator/standard/?currency=USD,https://mailchimp.com/developer/,Yes,Yes,Yes,No,No,"Yes, #contacts, #sends",No,No,No,Yes,Yes,Yes,No,No,No,,Yes,Yes,No,No,No,No
,Mapquest,Reference,2031,HAS_PLAN,https://developer.mapquest.com/plans,https://developer.mapquest.com/documentation/search-api/,Yes,Yes,Yes,No,No,"Yes, #req",No,No,No,Yes,No,No,No,No,No,,Yes,Yes,No,No,No,No
,Mediafire,Internet and Telecom,162,HAS_PLAN,https://www.mediafire.com/upgrade/?promo=1&,http://www.mediafire.com/developers/core_api/1.5/getting_started/,No,No,No,No,No,"Yes, #req, #storage",No,No,Yes,Yes,No,Yes,No,Yes,No,,Yes,Yes,No,No,No,No
,Medium,Internet and Telecom,395,HAS_PLAN,https://medium.com/membership,https://github.com/Medium/medium-api-docs/blob/master/README.md#3-resources,Yes,Yes,Yes,No,Yes,"Yes, #req",No,No,No,No,No,No,No,Yes,No,,Yes,Yes,No,No,No,No
,Meetup,Internet and Telecom,635,HAS_PLAN,https://help.meetup.com/hc/en-us/articles/360001620472-Organizer-subscription-pricing,https://www.meetup.com/de-DE/meetup_api/,Yes,Yes,Yes,No,No,"Yes, #req",No,No,No,No,No,Yes,No,Yes,No,,Yes,Yes,No,No,No,No
,Merriam-webster,Reference,778,HAS_PLAN,https://www.dictionaryapi.com/,https://www.dictionaryapi.com/products/index,Yes,Yes,Yes,No,No,"Yes, #req",No,No,No,Yes,No,No,No,No,No,,Yes,Yes,No,No,No,No
,Mixcloud,Arts and Entertainment,3214,HAS_PLAN,https://www.mixcloud.com/plans/,https://www.mixcloud.com/developers/,Yes,Yes,Yes,No,No,"Yes, #req",No,No,No,No,No,Yes,No,Yes,No,,Yes,Yes,No,No,No,No
,Namecheap,Internet and Telecom,1720,HAS_PLAN,https://www.namecheap.com/hosting/shared/,https://www.namecheap.com/support/api/intro/,Yes,Yes,Yes,No,No,"Yes, #req",No,No,No,Yes,Yes,Yes,No,No,No,,Yes,Yes,No,No,No,No
,Npr,News and Media,614,HAS_PLAN,https://dev.npr.org/api/,https://shop.npr.org/,Yes,Yes,Yes,No,No,"Yes, #req",No,No,No,Yes,No,No,No,No,No,,Yes,Yes,No,No,No,No
,Okta,Business and Industry,879,HAS_PLAN,https://www.okta.com/pricing/,https://developer.okta.com/docs/reference/rate-limits/,No,No,Yes,No,No,"Yes, #req, #concurrent",No,No,No,Yes,Yes,Yes,No,No,No,,No,Yes,No,No,Yes,No
,Onesignal,Internet and Telecom,1552,HAS_PLAN,https://onesignal.com/pricing,https://documentation.onesignal.com/docs,No,No,No,No,No,"Yes, #recipients",Yes,No,Yes,Yes,Yes,Yes,No,No,No,,Yes,Yes,No,No,No,No
,Pastebin,Internet and Telecom,1215,HAS_PLAN,https://pastebin.com/pro,https://pastebin.com/api,Yes,Yes,Yes,No,No,"Yes, #req",No,No,No,No,No,Yes,No,Yes,No,,Yes,Yes,No,No,No,No
,Pcloud,Internet and Telecom,1834,HAS_PLAN,https://www.pcloud.com/es/cloud-storage-pricing-plans.html,https://docs.pcloud.com/,No,No,No,No,No,"Yes, #req",No,No,Yes,Yes,No,No,No,No,No,,Yes,Yes,No,No,No,No
,Pexels,Arts and Entertainment,1422,HAS_PLAN,https://help.pexels.com/hc/en-us,https://www.pexels.com/api/documentation/,Yes,Yes,Yes,No,No,"Yes, #req",No,No,No,Yes,Yes,Yes,No,No,No,,Yes,Yes,No,No,No,No
,Photobucket,Arts and Entertainment,914,HAS_PLAN,https://photobucket.com/plans/,http://pic.photobucket.com/dev_help/WebHelpPublic/Content/References/Limits.htm,Yes,Yes,Yes,No,No,"Yes, #req, #size",No,No,No,Yes,Yes,Yes,No,No,No,,Yes,Yes,No,No,No,No
,Pons,Reference,2469,HAS_PLAN,http://en.pons.com/assets/docs/api_dict.pdf,http://en.pons.com/assets/docs/api_dict.pdf,Yes,Yes,Yes,No,No,"Yes, #req",No,No,No,Yes,No,No,No,No,No,,Yes,Yes,No,No,No,No
,Producthunt,News and Media,3043,HAS_PLAN,https://www.producthunt.com/ship,https://api.producthunt.com/v1/docs,Yes,Yes,Yes,No,No,"Yes, #req",Yes,No,No,No,Yes,Yes,No,No,No,,Yes,Yes,No,No,No,No
,Rapidgator.net,Internet and Telecom,721,HAS_PLAN,https://rapidgator.co/,https://support.rapidgator.net/index.php?/Knowledgebase/Article/View/89/9/do-you-have-api,Yes,Yes,Yes,No,No,"Yes, #bandwidth",No,No,No,Yes,No,No,No,No,No,,Yes,Yes,No,No,No,No
,Salesforce,Business and Industry,110,HAS_PLAN,https://www.salesforce.com/editions-pricing/overview/,https://developer.salesforce.com/docs/atlas.en-us.mc-apis.meta/mc-apis/rate-limiting-errors.htm,Yes,Yes,Yes,No,No,"Yes, #req",No,No,No,No,No,Yes,No,Yes,No,,Yes,Yes,No,No,No,No
,Sciencedirect,Reference,417,HAS_PLAN,https://www.elsevier.com/about/policies/pricing#subscription,https://dev.elsevier.com/documentation/SCIDIRSearchAPI.wadl,No,No,No,No,No,"Yes, #req",No,Yes,No,Yes,Yes,Yes,No,No,No,,Yes,Yes,No,No,No,No
,Semrush,Internet and Telecom,1693,HAS_PLAN,https://es.semrush.com/prices/,https://www.semrush.com/api-analytics/,No,No,No,No,No,"Yes, #APIUnits",No,Yes,"Yes, #lines returned",Yes,No,No,No,No,No,,Yes,Yes,No,No,No,No
,Sendspace,Internet and Telecom,1923,HAS_PLAN,https://www.sendspace.com/premium_upgrade.html,https://www.sendspace.com/dev_index.html,No,No,No,No,No,No,No,No,Yes,Yes,No,No,No,No,No,,Yes,Yes,No,No,No,No
,Shopify,Shopping,444,HAS_PLAN,https://www.shopify.es/precios,https://shopify.dev/concepts/about-apis/rate-limits#storefront-api-rate-limits,Yes,Yes,Yes,No,Yes,"Yes, #req",Yes,No,No,Yes,Yes,Yes,No,No,No,,Yes,Yes,No,No,No,No
,Shutterstock,Arts and Entertainment,300,HAS_PLAN,https://www.shutterstock.com/es/pricing,https://api-reference.shutterstock.com/#overview-rate-limits,Yes,Yes,Yes,No,No,"Yes, #req",No,No,No,Yes,No,Yes,No,Yes,No,,Yes,Yes,No,No,No,No
,Slack,Internet and Telecom,233,HAS_PLAN,https://app.slack.com/plans/T36NQAULD?geocode=es-es,https://api.slack.com/web,No,No,No,No,Yes,"Yes, #req",No,No,Yes,Yes,Yes,Yes,No,No,No,,No,Yes,No,No,Yes,No
,Smartsheet,Computer and Electronics,3221,HAS_PLAN,https://es.smartsheet.com/pricing,https://api.slack.com/web,Yes,Yes,Yes,No,No,"Yes, #req",No,No,No,No,Yes,Yes,No,No,No,,Yes,Yes,No,No,No,No
,Smugmug,Internet and Telecom,1709,HAS_PLAN,https://www.smugmug.com/plans,https://https://api.smugmug.com/api/v2/docsmartsheet-platform.github.io/api-docs/#restful-architecture,No,No,No,No,No,"Yes, #req",No,No,Yes,Yes,No,Yes,No,Yes,No,,Yes,Yes,No,No,No,No
Yes,Soundcloud,Arts and Entertainment,72,HAS_PLAN,https://checkout.soundcloud.com/pro,https://developers.soundcloud.com/docs/api/guide,Yes,Yes,Yes,No,No,"Yes, #req",No,No,No,No,Yes,Yes,No,No,No,,Yes,Yes,No,No,No,No
,Spotify,Arts and Entertainment,87,HAS_PLAN,https://www.spotify.com/es/premium/,https://developer.spotify.com/documentation/web-api/,Yes,Yes,Yes,No,No,"Yes, #req",No,No,No,No,Yes,Yes,No,No,No,,Yes,Yes,No,No,No,No
,Strava,Sports,1791,HAS_PLAN,https://www.strava.com/subscribe,https://developers.strava.com/docs/reference/,Yes,Yes,Yes,No,No,"Yes, #req",No,No,No,No,No,Yes,No,No,No,,Yes,Yes,No,No,No,No
,Stripe,Finance,2714,HAS_PLAN,https://stripe.com/es/pricing,https://stripe.com/docs/rate-limits,Yes,Yes,Yes,No,No,"Yes, #req",No,No,No,No,Yes,Yes,No,No,No,,Yes,Yes,Yes,No,No,No
,Ticketmaster,Shopping,1090,HAS_PLAN,https://help.ticketmaster.com/s/article/How-are-ticket-prices-and-fees-determined?language=en_US,https://developer.ticketmaster.com/products-and-docs/apis/getting-started/,Yes,Yes,Yes,No,No,"Yes, #req",No,No,No,No,Yes,Yes,No,No,No,,Yes,Yes,No,No,No,No
,Todoist,Computer and Electronics,2371,HAS_PLAN,https://todoist.com/es/pricing,https://developer.todoist.com/sync/v8/#batching-commands,No,No,No,No,No,"Yes, #req",No,No,Yes,Yes,No,Yes,No,Yes,No,,No,Yes,No,No,Yes,No
,Toggl,Computer and Electronics,3450,HAS_PLAN,https://toggl.com/pricing/,https://github.com/toggl/toggl_api_docs,No,No,Yes,No,No,"Yes, #req",No,No,No,No,Yes,Yes,No,No,No,,No,Yes,No,No,Yes,No
,Trello,Computer and Electronics,241,HAS_PLAN,https://trello.com/es/pricing,https://developer.atlassian.com/cloud/trello/rest/,No,No,Yes,No,No,"Yes, #req",Yes,No,No,Yes,Yes,Yes,No,No,No,,No,Yes,No,No,Yes,No
,Trustpilot,Shopping,1608,HAS_PLAN,https://business.trustpilot.com/plans,https://developers.trustpilot.com/,Yes,Yes,Yes,No,No,"Yes, #req",No,No,No,No,No,Yes,No,Yes,No,,Yes,Yes,No,No,No,No
,Twitch.tv,Games,102,HAS_PLAN,https://www.twitch.tv/subscriptions,https://dev.twitch.tv/docs/,Yes,Yes,Yes,No,No,"Yes, #req",No,No,No,No,Yes,Yes,No,No,No,,Yes,Yes,No,No,No,No
,Upwork,Career and Education,447,HAS_PLAN,https://www.upwork.com/i/pricing/,https://developers.upwork.com/?lang=python,Yes,Yes,Yes,No,No,"Yes, #req",No,No,No,No,Yes,Yes,No,No,No,,Yes,Yes,No,No,No,No
,Wolframalpha,Internet and Telecom,2166,HAS_PLAN,https://products.wolframalpha.com/api/pricing/,https://products.wolframalpha.com/simple-api/documentation/,Yes,Yes,Yes,No,No,"Yes, #req",No,No,No,Yes,Yes,Yes,No,No,No,,Yes,Yes,Yes,No,No,No
,Youtube,Arts and Entertainment,2,HAS_PLAN,https://developers.google.com/youtube/v3/determine_quota_cost,https://developers.google.com/youtube/v3/getting-started,Yes,Yes,Yes,No,No,"Yes, #credits",No,No,No,Yes,Yes,Yes,No,No,No,,Yes,Yes,Yes,No,No,No
,Yumpu,Internet and Telecom,3250,HAS_PLAN,https://www.yumpu.com/en/info/subscription_plans,https://developers.yumpu.com/,No,No,No,No,No,"Yes, #req",Yes,No,No,No,Yes,Yes,No,No,No,,Yes,Yes,No,No,No,No
,Zamzar,Computer and Electronics,3115,HAS_PLAN,https://developers.zamzar.com/pricing,https://blog.zamzar.com/2018/09/28/api-rate-limits/,No,No,No,No,No,"Yes, #credits, #size",No,No,Yes,Yes,Yes,Yes,No,No,No,,Yes,Yes,No,No,No,No
,Zendesk,Computer and Electronics,390,HAS_PLAN,https://www.zendesk.es/product/pricing/#support,https://developer.zendesk.com/rest_api/docs/support/introduction,No,No,Yes,No,Yes,"Yes, #req",Yes,No,No,Yes,Yes,Yes,No,No,No,,No,Yes,No,No,Yes,No
,500px,Arts and Entertainment,1736,NO_PLAN,N/A,https://github.com/500px/api-documentation,Yes,N/A,Yes,No,No,No,No,No,No,Yes,No,Yes,No,No,No,,N/A,N/A,N/A,N/A,N/A,N/A
,Amazon Mws,Shopping,10,NO_PLAN,N/A,http://docs.developer.amazonservices.com/en_US/dev_guide/DG_Throttling.html,Yes,N/A,Yes,No,No,"Yes, #req",No,No,No,Yes,Yes,Yes,No,No,No,,N/A,N/A,N/A,N/A,N/A,N/A
,Arxiv,Reference,2168,NO_PLAN,N/A,https://arxiv.org/help/api/tou,Yes,N/A,Yes,No,No,"Yes, #req",Yes,No,No,No,Yes,Yes,No,No,No,,N/A,N/A,N/A,N/A,N/A,N/A
,Att Sms,Internet and Telecom,1905,NO_PLAN,https://www.twilio.com/sms/pricing/us,https://developer.att.com/sms/docs#quickstart,No,No,No,No,No,"Yes, #req",No,No,Yes,Yes,Yes,Yes,No,No,No,,Yes,Yes,Yes,No,No,NO
,Band,Internet and Telecom,3266,NO_PLAN,N/A,https://developers.band.us/develop/guide/api/handle_errors,Yes,N/A,Yes,No,No,"Yes, #req",No,No,No,Yes,Yes,Yes,No,No,No,,N/A,N/A,N/A,N/A,N/A,N/A
,Banggood,Shopping,746,NO_PLAN,N/A,https://api.banggood.com/index.php?com=document&article_id=2,Yes,N/A,Yes,No,No,"Yes, #req",No,No,No,Yes,No,Yes,No,No,No,,N/A,N/A,N/A,N/A,N/A,N/A
,Battle.net,Games,393,NO_PLAN,N/A,https://develop.battle.net/documentation/guides/community-apis,Yes,N/A,Yes,No,No,"Yes, #req",No,No,No,Yes,Yes,Yes,No,No,No,,N/A,N/A,N/A,N/A,N/A,N/A
,Bbb,Business and Industry,3411,NO_PLAN,N/A,http://developers.bbb.org/documentation/,Yes,N/A,Yes,No,No,"Yes, #req",No,No,No,Yes,Yes,Yes,No,No,No,,N/A,N/A,N/A,N/A,N/A,N/A
,Behance,Arts and Entertainment,415,NO_PLAN,N/A,https://www.behance.net/dev/api/endpoints/,Yes,N/A,Yes,No,No,"Yes, #req",No,No,No,No,Yes,Yes,No,No,No,,N/A,N/A,N/A,N/A,N/A,N/A
,Bestbuy,Shopping,115,NO_PLAN,N/A,https://developer.blackboard.com/portal/displayApi,Yes,N/A,Yes,No,No,"Yes, #req",No,No,No,No,No,Yes,No,Yes,No,,N/A,N/A,N/A,N/A,N/A,N/A
,Blackboard,Career and Education,375,NO_PLAN,N/A,https://developer.ba.com/,Yes,N/A,Yes,No,No,"Yes, #req",No,No,No,No,Yes,Yes,No,No,No,,N/A,N/A,N/A,N/A,N/A,N/A
,Blogger,Internet and Telecom,131,NO_PLAN,N/A,https://developer.capitalone.com/products/rewards/documentation/,Yes,N/A,Yes,No,No,"Yes, #req",No,No,No,No,No,Yes,No,Yes,No,,N/A,N/A,N/A,N/A,N/A,N/A
,Britishairways,Travel,3187,NO_PLAN,N/A,https://developer.careerbuilder.com/docs/errors,Yes,N/A,Yes,No,No,"Yes, #req",No,No,No,Yes,Yes,Yes,No,No,No,,N/A,N/A,N/A,N/A,N/A,N/A
,Capitalone,Finance,460,NO_PLAN,N/A,https://developer.cisco.com/meraki/api/#/rest/guides/rate-limit,Yes,N/A,Yes,No,No,"Yes, #req",No,No,No,No,No,Yes,No,Yes,No,,N/A,N/A,N/A,N/A,N/A,N/A
,Careerbuilder,Career and Education,2073,NO_PLAN,N/A,https://help.coinbase.com/en/pro/other-topics/api/faq-on-api.html,Yes,N/A,Yes,No,No,"Yes, #req",No,No,No,No,No,Yes,No,Yes,No,,N/A,N/A,N/A,N/A,N/A,N/A
,Cisco Meraki,Computer and Electronics,815,NO_PLAN,N/A,https://developer.companieshouse.uk/api/docs/index/gettingStarted/rateLimiting.html,No,No,No,No,No,"Yes, #req, #concurrent",No,No,No,No,Yes,Yes,Yes,No,No,,N/A,N/A,N/A,N/A,N/A,N/A
,Coinbase,Finance,3069,NO_PLAN,N/A,https://www.craigslist.org/about/bulk_posting_interface,Yes,N/A,Yes,No,No,"Yes, #req",No,No,No,No,Yes,Yes,No,No,No,,N/A,N/A,N/A,N/A,N/A,N/A
,Companieshouse,Law and Government,3255,NO_PLAN,N/A,https://developer.dailymotion.com/tools#/video/playlists/list,Yes,N/A,Yes,No,No,"Yes, #req",Yes,No,No,No,Yes,Yes,No,No,No,,N/A,N/A,N/A,N/A,N/A,N/A
,Craigslist,Shopping,130,NO_PLAN,N/A,https://www.deviantart.com/developers/errors#rates,Yes,N/A,Yes,No,No,"Yes, #credits",No,No,No,Yes,No,No,No,No,No,,N/A,N/A,N/A,N/A,N/A,N/A
,Dailymotion,Arts and Entertainment,136,NO_PLAN,N/A,https://www.discogs.com/developers/,No,No,No,No,No,"Yes, #req, #uploads",No,No,Yes,Yes,Yes,Yes,No,No,No,,N/A,N/A,N/A,N/A,N/A,N/A
,Desire2learn,Career and Education,3448,NO_PLAN,N/A,https://discord.com/developers/docs/topics/rate-limits,Yes,N/A,Yes,No,No,"Yes, #req",No,No,No,No,No,Yes,No,Yes,No,,N/A,N/A,N/A,N/A,N/A,N/A
,Deviantart,Arts and Entertainment,175,NO_PLAN,N/A,http://developer.dribbble.com/,Yes,N/A,Yes,No,No,"Yes, #req",No,No,No,No,No,Yes,No,Yes,No,,N/A,N/A,N/A,N/A,N/A,N/A
,Discogs,Arts and Entertainment,742,NO_PLAN,N/A,https://duckduckgo.com/api,Yes,N/A,Yes,No,No,"Yes, #req",No,No,No,No,Yes,Yes,No,No,No,,N/A,N/A,N/A,N/A,N/A,N/A
,Discordapp,Unknown,442,NO_PLAN,N/A,https://developer.ebay.com/support/api-call-limits,Yes,N/A,Yes,No,No,"Yes, #req",No,No,No,No,No,Yes,No,Yes,No,,N/A,N/A,N/A,N/A,N/A,N/A
,Dribbble,Internet and Telecom,1238,NO_PLAN,N/A,https://developers.facebook.com/docs/graph-api,Yes,N/A,Yes,No,No,"Yes, #req",No,No,No,Yes,Yes,Yes,No,No,No,,N/A,N/A,N/A,N/A,N/A,N/A
,Duckduckgo,Internet and Telecom,513,NO_PLAN,N/A,https://affiliate.flipkart.com/api-docs/af_tou.html#rate-label,Yes,N/A,Yes,No,No,"Yes, #req",No,No,No,Yes,No,Yes,No,No,No,,N/A,N/A,N/A,N/A,N/A,N/A
,Ebay Sell Api,Health,26,NO_PLAN,N/A,https://developer.foursquare.com/docs/places-api/rate-limits,Yes,N/A,Yes,No,No,"Yes, #req",No,No,No,Yes,No,Yes,No,No,No,,N/A,N/A,N/A,N/A,N/A,N/A
,Etsy,Shopping,210,NO_PLAN,N/A,https://github.com/Giphy/GiphyAPI,Yes,N/A,Yes,No,No,"Yes, #req",No,No,No,Yes,Yes,Yes,No,No,No,,N/A,N/A,N/A,N/A,N/A,N/A
,Facebook,Internet and Telecom,3,NO_PLAN,N/A,https://docs.gitlab.com/ee/security/rate_limits.html,Yes,N/A,Yes,No,No,"Yes, #req",No,No,No,No,Yes,Yes,No,No,No,,N/A,N/A,N/A,N/A,N/A,N/A
,Flipkart,Shopping,163,NO_PLAN,N/A,https://de.glosbe.com/a-api,Yes,N/A,Yes,No,No,"Yes, #req",No,No,No,No,Yes,Yes,No,No,No,,N/A,N/A,N/A,N/A,N/A,N/A
,Foursquare,Internet and Telecom,1986,NO_PLAN,N/A,https://developer.godaddy.com/,Yes,N/A,Yes,No,No,"Yes, #req",No,No,No,Yes,Yes,Yes,No,No,No,,N/A,N/A,N/A,N/A,N/A,N/A
,Genius,Arts and Entertainment,644,NO_PLAN,N/A,http://www.goodreads.com/api,Yes,N/A,Yes,No,No,"Yes, #req",No,No,No,No,No,Yes,No,No,No,,N/A,N/A,N/A,N/A,N/A,N/A
,Giphy,Arts and Entertainment,308,NO_PLAN,N/A,https://dev.hh.ru/,Yes,N/A,Yes,No,No,"Yes, #req",No,No,No,Yes,Yes,Yes,No,No,No,,N/A,N/A,N/A,N/A,N/A,N/A
,Gitlab,Computer and Electronics,2792,NO_PLAN,N/A,https://www.homeaway.com/platform/developer-api,Yes,N/A,Yes,No,No,"Yes, #req",No,No,No,No,Yes,Yes,No,No,No,,N/A,N/A,N/A,N/A,N/A,N/A
,Glosbe,Reference,2680,NO_PLAN,N/A,https://developers.hp.com/product-warranty-api#/,Yes,N/A,Yes,No,No,"Yes, #req",No,No,No,No,No,Yes,No,Yes,No,,N/A,N/A,N/A,N/A,N/A,N/A
,Godaddy,Internet and Telecom,117,NO_PLAN,N/A,https://www.instagram.com/developer/,Yes,N/A,Yes,No,No,"Yes, #req",No,No,No,Yes,Yes,Yes,No,No,No,,N/A,N/A,N/A,N/A,N/A,N/A
,Goodreads,Books and Literature,335,NO_PLAN,N/A,https://community.canvaslms.com/docs/DOC-8381-api-rate-limiting,Yes,N/A,Yes,No,No,"Yes, #req",No,No,No,No,Yes,Yes,No,No,No,,N/A,N/A,N/A,N/A,N/A,N/A
,Hh,Career and Education,1061,NO_PLAN,N/A,https://www.last.fm/es/api/tos,Yes,N/A,Yes,No,No,"Yes, #req",No,No,No,Yes,Yes,Yes,No,No,No,,N/A,N/A,N/A,N/A,N/A,N/A
,Homeaway,Travel,2935,NO_PLAN,N/A,https://lazada-sellercenter.readme.io/docs,Yes,N/A,Yes,No,No,"Yes, #req",No,No,No,No,Yes,Yes,No,No,No,,N/A,N/A,N/A,N/A,N/A,N/A
,Hp Product Warranty Api,Computer and Electronics,347,NO_PLAN,N/A,https://developer.riotgames.com/docs/portal#web-apis_rate-limiting,Yes,N/A,Yes,No,No,"Yes, #req",No,No,No,No,Yes,Yes,No,No,No,,N/A,N/A,N/A,N/A,N/A,N/A
,Instagram,Internet and Telecom,19,NO_PLAN,N/A,https://medlineplus/webservices.html,No,No,No,No,No,"Yes, #req",No,No,No,No,Yes,Yes,No,No,Yes,,N/A,N/A,N/A,N/A,N/A,N/A
,Instructure,Career and Education,279,NO_PLAN,N/A,http://wiki.vg/Mojang_API,Yes,N/A,Yes,No,No,"Yes, #req",No,No,No,No,Yes,Yes,No,No,No,,N/A,N/A,N/A,N/A,N/A,N/A
,Jet,Shopping,2279,NO_PLAN,N/A,https://developer.nab.com.au/docs,Yes,N/A,Yes,No,No,No,No,No,No,No,No,No,No,No,No,,N/A,N/A,N/A,N/A,N/A,N/A
,Jvzoo,Business and Industry,3381,NO_PLAN,N/A,https://api.nasa/index.html#apply-for-an-api-key,Yes,N/A,Yes,No,No,"Yes, #req",No,No,No,No,No,Yes,No,Yes,No,,N/A,N/A,N/A,N/A,N/A,N/A
,Lastfm,Arts and Entertainment,1822,NO_PLAN,N/A,https://developer.paypal.com/docs/rate-limiting,Yes,N/A,Yes,No,Yes,"Yes, #req",No,No,No,No,No,Yes,No,Yes,No,,N/A,N/A,N/A,N/A,N/A,N/A
,Lazada.ph,Shopping,970,NO_PLAN,N/A,https://developers.pinterest.com/docs/api/overview/,Yes,N/A,Yes,No,No,No,No,No,No,No,No,No,No,No,No,,N/A,N/A,N/A,N/A,N/A,N/A
,Leagueoflegends,Games,489,NO_PLAN,N/A,https://pixabay.com/api/docs/,Yes,N/A,Yes,No,No,"Yes, #req",Yes,No,No,No,Yes,Yes,No,No,No,,N/A,N/A,N/A,N/A,N/A,N/A
,Lichess,Games,2605,NO_PLAN,N/A,https://qiita.com/api/v2/docs#rate-limit,Yes,N/A,Yes,No,No,"Yes, #req",No,No,No,No,Yes,Yes,No,No,No,,N/A,N/A,N/A,N/A,N/A,N/A
,Linkedin,Internet and Telecom,18,NO_PLAN,N/A,https://developer.rackspace.com/docs/cloud-queues/v1/general-api-info/limits/,Yes,N/A,Yes,No,No,"Yes, #req",No,No,No,Yes,No,Yes,No,No,No,,N/A,N/A,N/A,N/A,N/A,N/A
,Medlineplus,Health,2765,NO_PLAN,N/A,http://www.reddit.com/dev/api,Yes,N/A,Yes,No,No,"Yes, #req",No,No,No,No,Yes,Yes,No,No,No,,N/A,N/A,N/A,N/A,N/A,N/A
,Mojang,Games,2421,NO_PLAN,N/A,https://www.reverb-api.com/docs/rate-limiting-and-terms-of-service,Yes,N/A,Yes,No,No,"Yes, #req",No,No,No,No,Yes,Yes,No,No,No,,N/A,N/A,N/A,N/A,N/A,N/A
,Myfonts,Computer and Electronics,2775,NO_PLAN,N/A,http://open.weibo.com/wiki/API%E6%96%87%E6%A1%A3_V2/en,Yes,N/A,Yes,No,No,"Yes, #req",No,No,No,Yes,No,Yes,No,No,No,,N/A,N/A,N/A,N/A,N/A,N/A
,Nab.au,Finance,2720,NO_PLAN,N/A,https://www.skyrock.com/developer/documentation/api/#request-rate-limits,Yes,N/A,Yes,No,No,"Yes, #req",No,No,No,No,No,Yes,No,Yes,No,,N/A,N/A,N/A,N/A,N/A,N/A
,Nasa Neows,Law and Government,1013,NO_PLAN,N/A,http://sellerapis.snapdeal.com/,Yes,N/A,Yes,No,No,"Yes, #req",No,No,No,Yes,Yes,Yes,No,No,No,,N/A,N/A,N/A,N/A,N/A,N/A
,Noaa,Science,1594,NO_PLAN,N/A,https://docs.connect.squareup.com/,Yes,N/A,Yes,No,No,"Yes, #req",No,No,No,Yes,Yes,Yes,No,No,No,,N/A,N/A,N/A,N/A,N/A,N/A
,Opentable,Food and Drink,2684,NO_PLAN,N/A,https://developer.valvesoftware.com/wiki/Steam_Web_API,Yes,N/A,Yes,No,No,"Yes, #req",No,No,No,No,Yes,Yes,No,No,No,,N/A,N/A,N/A,N/A,N/A,N/A
,Paypal,Finance,52,NO_PLAN,N/A,https://capi.t-mobile.nl/documentation,Yes,N/A,Yes,No,No,"Yes, #req",No,No,No,No,Yes,Yes,No,Yes,No,,N/A,N/A,N/A,N/A,N/A,N/A
,Pinterest,Internet and Telecom,45,NO_PLAN,N/A,https://developer.trademe.co.nz/,Yes,N/A,Yes,No,No,"Yes, #req",No,No,No,No,Yes,Yes,No,No,No,,N/A,N/A,N/A,N/A,N/A,N/A
,Pixabay,Arts and Entertainment,525,NO_PLAN,N/A,https://developer-tripadvisor.com/content-api/technical-overview/#rate_limit,Yes,N/A,Yes,No,No,"Yes, #req",No,No,No,No,Yes,Yes,No,No,No,,N/A,N/A,N/A,N/A,N/A,N/A
,Qiita,Computer and Electronics,373,NO_PLAN,N/A,https://www.tumblr.com/docs/en/api/v2,Yes,N/A,Yes,No,Yes,"Yes, #req",No,No,No,No,Yes,Yes,No,No,No,,N/A,N/A,N/A,N/A,N/A,N/A
,Quikr,Shopping,1592,NO_PLAN,N/A,https://dev.twitter.com/rest/reference/get/account/verify_credentials,Yes,N/A,Yes,No,No,"Yes, #req",No,No,No,No,Yes,Yes,No,No,No,,N/A,N/A,N/A,N/A,N/A,N/A
,Rackspace Cloud Images,Internet and Telecom,3392,NO_PLAN,N/A,https://open.library.ubc.ca/docs,No,No,No,No,No,"Yes, #req",No,No,Yes,Yes,Yes,Yes,No,No,No,,N/A,N/A,N/A,N/A,N/A,N/A
,Reddit,Internet and Telecom,24,NO_PLAN,N/A,https://developer.uber.com/docs/riders/introduction,Yes,N/A,Yes,No,No,"Yes, #req",No,No,No,No,Yes,Yes,No,No,No,,N/A,N/A,N/A,N/A,N/A,N/A
,Reverb,Arts and Entertainment,1691,NO_PLAN,N/A,https://www.udemy.com/developers/,Yes,N/A,Yes,No,No,"Yes, #req",No,No,No,No,No,Yes,No,Yes,No,,N/A,N/A,N/A,N/A,N/A,N/A
,Sankakucomplex,Adult,2363,NO_PLAN,N/A,https://unsplash.com/documentation#rate-limiting,No,No,No,No,No,"Yes, #req",No,No,Yes,Yes,No,Yes,No,Yes,No,,N/A,N/A,N/A,N/A,N/A,N/A
,Shopclues,Shopping,759,NO_PLAN,N/A,https://developer.vimeo.com/guidelines/rate-limiting,Yes,N/A,Yes,No,No,"Yes, #credits",No,No,No,No,Yes,Yes,No,No,No,,N/A,N/A,N/A,N/A,N/A,N/A
,Sina.cn,News and Media,21,NO_PLAN,N/A,https://petitions.whitehouse/developers,Yes,N/A,Yes,No,No,"Yes, #req",No,No,No,No,Yes,Yes,No,No,No,,N/A,N/A,N/A,N/A,N/A,N/A
,Skyrock,Internet and Telecom,3631,NO_PLAN,N/A,https://wikimedia.org/api/rest_v1/,Yes,N/A,Yes,No,No,"Yes, #req",No,No,No,No,No,Yes,No,Yes,No,,N/A,N/A,N/A,N/A,N/A,N/A
,Snapdeal,Shopping,414,NO_PLAN,N/A,https://www.mediawiki.org/wiki/API:Etiquette#Request_limit,Yes,N/A,Yes,No,No,"Yes, #req",No,No,No,No,No,Yes,No,Yes,No,,N/A,N/A,N/A,N/A,N/A,N/A
,Squarespace,Internet and Telecom,772,NO_PLAN,N/A,https://developer.xero.com/documentation/oauth2/limits,Yes,N/A,Yes,No,No,"Yes, #req",No,No,No,No,Yes,Yes,No,No,No,,N/A,N/A,N/A,N/A,N/A,N/A
,Squareup,Internet and Telecom,3111,NO_PLAN,N/A,https://developer.verizonmedia.com/dsp/api/docs/traffic/info/rate-limits.html,Yes,N/A,Yes,No,No,"Yes, #req",No,No,No,No,No,Yes,No,Yes,No,,N/A,N/A,N/A,N/A,N/A,N/A
,Stackoverflow,Reference,39,NO_PLAN,N/A,https://developer.yammer.com/docs/rest-api-rate-limits,Yes,N/A,Yes,No,No,"Yes, #req",No,No,No,Yes,Yes,Yes,No,No,No,,N/A,N/A,N/A,N/A,N/A,N/A
,Steampowered,Games,178,NO_PLAN,N/A,https://www.yelp.com/developers/documentation/v3/get_started,Yes,N/A,Yes,No,No,"Yes, #req",No,No,No,Yes,No,No,No,No,No,,N/A,N/A,N/A,N/A,N/A,N/A
,T-mobile,Internet and Telecom,1369,NO_PLAN,N/A,https://capi.t-mobile.nl/documentation,Yes,N/A,Yes,No,No,"Yes, #req",No,No,No,No,No,No,No,Yes,No,,N/A,N/A,N/A,N/A,N/A,N/A
,Telegram Bots,Computer and Electronics,403,NO_PLAN,N/A,https://core.telegram.org/bots#commands,Yes,N/A,Yes,No,No,"Yes, #req",No,No,No,No,Yes,Yes,No,No,No,,N/A,N/A,N/A,N/A,N/A,N/A
,Trademe,Shopping,2400,NO_PLAN,N/A,https://developer.trademe.co.nz/,Yes,N/A,Yes,No,No,No,No,No,No,No,Yes,Yes,No,No,No,,N/A,N/A,N/A,N/A,N/A,N/A
,Tripadvisor,Travel,290,NO_PLAN,N/A,https://developer-tripadvisor.com/content-api/technical-overview/#rate_limit,Yes,N/A,Yes,No,No,"Yes, #req",No,No,No,Yes,Yes,Yes,No,No,No,,N/A,N/A,N/A,N/A,N/A,N/A
,Tumblr,Internet and Telecom,36,NO_PLAN,N/A,https://www.tumblr.com/docs/en/api/v2,Yes,N/A,Yes,No,No,"Yes, #req",No,No,No,Yes,No,Yes,No,No,No,,N/A,N/A,N/A,N/A,N/A,N/A
,Twitter,Internet and Telecom,16,NO_PLAN,N/A,https://dev.twitter.com/rest/reference/get/account/verify_credentials,Yes,N/A,Yes,No,No,"Yes, #req",No,No,No,No,Yes,Yes,No,No,No,,N/A,N/A,N/A,N/A,N/A,N/A
,Ubc.ca,Career and Education,3390,NO_PLAN,N/A,https://open.library.ubc.ca/docs,Yes,N/A,Yes,No,No,"Yes, #req",No,No,No,No,Yes,Yes,No,No,No,,N/A,N/A,N/A,N/A,N/A,N/A
,Uber,Computer and Electronics,843,NO_PLAN,N/A,https://developer.uber.com/docs/riders/introduction,Yes,N/A,Yes,No,No,"Yes, #req",No,No,No,Yes,No,Yes,No,Yes,No,,N/A,N/A,N/A,N/A,N/A,N/A
,Udemy,Career and Education,470,NO_PLAN,N/A,https://www.udemy.com/developers/,Yes,N/A,Yes,No,No,"Yes, #req",Yes,No,No,No,Yes,Yes,No,No,No,,N/A,N/A,N/A,N/A,N/A,N/A
,Unsplash,Arts and Entertainment,1971,NO_PLAN,N/A,https://unsplash.com/documentation#rate-limiting,Yes,N/A,Yes,No,No,"Yes, #req",No,No,No,No,Yes,Yes,No,No,No,,N/A,N/A,N/A,N/A,N/A,N/A
,Vimeo,Arts and Entertainment,145,NO_PLAN,N/A,https://developer.vimeo.com/guidelines/rate-limiting,No,No,No,No,No,"Yes, #req, #size",No,No,Yes,Yes,Yes,Yes,No,No,No,,N/A,N/A,N/A,N/A,N/A,N/A
,Vk,Internet and Telecom,15,NO_PLAN,N/A,https://vk.com/dev/api_requests,No,No,No,No,No,"Yes, #req",No,No,No,No,Yes,Yes,No,No,Yes,,N/A,N/A,N/A,N/A,N/A,N/A
,Whitehouse,Law and Government,1087,NO_PLAN,N/A,https://petitions.whitehouse/developers,Yes,N/A,Yes,No,No,"Yes, #req",No,No,No,No,No,No,No,Yes,No,,N/A,N/A,N/A,N/A,N/A,N/A
,Wikimedia,Reference,310,NO_PLAN,N/A,https://wikimedia.org/api/rest_v1/,Yes,N/A,Yes,No,No,"Yes, #req",No,No,No,No,Yes,Yes,No,No,No,,N/A,N/A,N/A,N/A,N/A,N/A
,Wikipedia,Reference,6,NO_PLAN,N/A,https://www.mediawiki.org/wiki/API:Etiquette#Request_limit,Yes,N/A,Yes,No,No,"Yes, #req",No,No,No,No,No,No,No,Yes,No,,N/A,N/A,N/A,N/A,N/A,N/A
,Xero Accounting,Computer and Electronics,2029,NO_PLAN,N/A,https://developer.xero.com/documentation/oauth2/limits,No,No,No,No,No,"Yes, #req, #concurrent",No,No,Yes,Yes,Yes,Yes,No,No,No,,N/A,N/A,N/A,N/A,N/A,N/A
,Yahoo Gemini,News and Media,5,NO_PLAN,N/A,https://developer.verizonmedia.com/dsp/api/docs/traffic/info/rate-limits.html,Yes,N/A,Yes,No,No,"Yes, #req",No,No,No,Yes,Yes,Yes,No,No,No,,N/A,N/A,N/A,N/A,N/A,N/A
,Yammer,Internet and Telecom,2845,NO_PLAN,N/A,https://developer.yammer.com/docs/rest-api-rate-limits,Yes,N/A,Yes,No,No,"Yes, #req",Yes,No,No,No,Yes,Yes,No,No,No,,N/A,N/A,N/A,N/A,N/A,N/A
Yes,Yelp,Reference,292,NO_PLAN,N/A,https://www.yelp.com/developers/documentation/v3/get_started,Yes,N/A,Yes,No,No,"Yes, #req",No,No,No,Yes,No,Yes,No,Yes,No,,N/A,N/A,N/A,N/A,N/A,N/A
,Zillow,Business and Industry,277,NO_PLAN,N/A,https://www.zillow.com/howto/api/faq.htm,Yes,N/A,Yes,No,No,"Yes, #req",No,No,No,Yes,Yes,Yes,No,No,No,,N/A,N/A,N/A,N/A,N/A,N/A
Yes,EmailLabs,Internet and Telecom,NO_INDEX,HAS_PLAN,https://emaillabs.io/en/pricing/,https://dev.emaillabs.io/?_ga=2.180975655.1835194451.1693299624-1327304722.1693299624,Yes,Yes,Yes,No,No,"Yes, #emails",No,No,No,Yes,No,Yes,No,No,No,,Yes,Yes,No,No,No,No
Yes,FacePlusPlus,Computer and Electronics,NO_INDEX,HAS_PLAN,https://www.faceplusplus.com/v2/pricing/,https://console.faceplusplus.com/documents/5678948,No,No,Yes,No,No,"Yes, #req",No,No,No,Yes,Yes,Yes,No,No,No,,Yes,No,Yes,No,No,Yes
Yes,ADSBexchange (RA),Travel,NO_INDEX,HAS_PLAN,https://rapidapi.com/adsbx/api/adsbexchange-com1,https://rapidapi.com/adsbx/api/adsbexchange-com1/pricing,Yes,Yes,Yes,No,No,"Yes, #req",No,No,No,Yes,No,No,No,No,No,,Yes,Yes,No,No,No,Yes
Yes,Airport On-Time Performance (RA),Travel,NO_INDEX,HAS_PLAN,https://rapidapi.com/amadeus-for-developers-amadeus-for-developers-default/api/airport-on-time-performance/,https://rapidapi.com/amadeus-for-developers-amadeus-for-developers-default/api/airport-on-time-performance/pricing,Yes,Yes,Yes,No,No,"Yes, #req",No,No,No,Yes,No,No,No,No,No,,Yes,Yes,No,No,No,Yes
Yes,API-Football (RA),Arts and Entertainment,NO_INDEX,HAS_PLAN,https://rapidapi.com/api-sports/api/api-football/,https://rapidapi.com/api-sports/api/api-football/pricing,Yes,Yes,Yes,No,No,"Yes, #req",No,No,No,Yes,Yes,No,No,No,No,,Yes,Yes,No,No,No,Yes
Yes,Bionic Reading (RA),Computer and Electronics,NO_INDEX,HAS_PLAN,https://rapidapi.com/bionic-reading-bionic-reading-default/api/bionic-reading1/,https://rapidapi.com/bionic-reading-bionic-reading-default/api/bionic-reading1/pricing,Yes,Yes,Yes,No,No,"Yes, #req",No,No,No,Yes,No,No,No,No,No,,Yes,Yes,No,No,No,No
Yes,boundaries-io (RA),Reference,NO_INDEX,HAS_PLAN,https://rapidapi.com/VanitySoft/api/boundaries-io-1/,https://rapidapi.com/VanitySoft/api/boundaries-io-1/pricing,Yes,Yes,Yes,No,No,"Yes, #req",No,No,No,Yes,No,No,No,No,No,,Yes,Yes,No,No,No,Yes
Yes,Custom QR Code with Logo (RA),Computer and Electronics,NO_INDEX,HAS_PLAN,https://rapidapi.com/qrcode-monkey/api/custom-qr-code-with-logo/,https://rapidapi.com/qrcode-monkey/api/custom-qr-code-with-logo/pricing,Yes,Yes,Yes,No,No,"Yes, #req",No,No,No,Yes,Yes,No,No,No,No,,Yes,Yes,No,No,No,Yes
Yes,Football Prediction (RA),Arts and Entertainment,NO_INDEX,HAS_PLAN,https://rapidapi.com/boggio-analytics/api/football-prediction/,https://rapidapi.com/boggio-analytics/api/football-prediction/pricing,Yes,Yes,Yes,No,No,"Yes, #req",No,No,No,Yes,No,No,No,No,No,,Yes,Yes,No,No,No,Yes
Yes,GeoDB Cities (RA),Reference,NO_INDEX,HAS_PLAN,https://rapidapi.com/wirefreethought/api/geodb-cities/,https://rapidapi.com/wirefreethought/api/geodb-cities/pricing,Yes,Yes,Yes,No,No,"Yes, #req",No,No,No,Yes,Yes,No,No,No,No,,Yes,Yes,No,No,No,Yes
Yes,Imgur (RA),Computer and Electronics,NO_INDEX,HAS_PLAN,https://rapidapi.com/imgur/api/imgur-9/,https://rapidapi.com/imgur/api/imgur-9/pricing,Yes,Yes,Yes,No,No,"Yes, #req",No,No,No,Yes,No,No,No,No,No,,Yes,Yes,No,No,No,Yes
Yes,ListenNotes (RA),Arts and Entertainment,NO_INDEX,HAS_PLAN,https://rapidapi.com/listennotes/api/listennotes/,https://rapidapi.com/listennotes/api/listennotes/pricing,Yes,Yes,Yes,No,No,"Yes, #req",No,No,No,Yes,No,No,No,No,No,,Yes,Yes,No,No,No,Yes
Yes,Meme Generator (RA),Internet and Telecom,NO_INDEX,HAS_PLAN,https://rapidapi.com/meme-generator-api-meme-generator-api-default/api/meme-generator/,https://rapidapi.com/meme-generator-api-meme-generator-api-default/api/meme-generator/pricing,Yes,Yes,Yes,No,No,"Yes, #req",No,No,No,Yes,No,No,No,No,No,,Yes,Yes,No,No,No,Yes
Yes,Opengraph io (RA),Internet and Telecom,NO_INDEX,HAS_PLAN,https://rapidapi.com/opengraph/api/opengraph-io/,https://rapidapi.com/opengraph/api/opengraph-io/pricing,Yes,Yes,Yes,No,No,"Yes, #req",No,No,No,Yes,No,No,No,No,No,,Yes,Yes,No,No,No,Yes
Yes,Recipe - Food - Nutrition (RA),Food and Drink,NO_INDEX,HAS_PLAN,https://rapidapi.com/spoonacular/api/recipe-food-nutrition/,https://rapidapi.com/spoonacular/api/recipe-food-nutrition/pricing,Yes,Yes,Yes,No,No,"Yes, #req",No,No,No,Yes,Yes,No,No,No,No,,Yes,Yes,No,No,No,Yes
Yes,SendGrid (RA),Internet and Telecom,NO_INDEX,HAS_PLAN,https://rapidapi.com/sendgrid/api/sendgrid/,https://rapidapi.com/sendgrid/api/sendgrid/pricing,Yes,Yes,Yes,No,No,"Yes, #req",No,No,No,Yes,Yes,No,No,No,No,,Yes,Yes,No,No,No,No
Yes,Telize (RA),Internet and Telecom,NO_INDEX,HAS_PLAN,https://rapidapi.com/fcambus/api/telize/,https://rapidapi.com/fcambus/api/telize/pricing,Yes,Yes,Yes,No,No,"Yes, #req",No,No,No,Yes,No,No,No,No,No,,Yes,Yes,No,No,No,Yes
Yes,TheRundown (RA),Arts and Entertainment,NO_INDEX,HAS_PLAN,https://rapidapi.com/therundown/api/therundown/,https://rapidapi.com/therundown/api/therundown/pricing,Yes,Yes,Yes,No,No,"Yes, #req",No,No,No,Yes,No,No,No,No,No,,Yes,Yes,No,No,No,Yes
Yes,Trip Purpose Prediction (RA),Travel,NO_INDEX,HAS_PLAN,https://rapidapi.com/amadeus-for-developers-amadeus-for-developers-default/api/trip-purpose-prediction2/,https://rapidapi.com/amadeus-for-developers-amadeus-for-developers-default/api/trip-purpose-prediction2/pricing,Yes,Yes,Yes,No,No,"Yes, #req",No,No,No,Yes,No,No,No,No,No,,Yes,Yes,No,No,No,Yes
Yes,Twilio Lookup (RA),Internet and Telecom,NO_INDEX,HAS_PLAN,N/A,N/A,Yes,Yes,Yes,No,No,"Yes, #req",No,No,No,Yes,No,No,No,No,No,,Yes,Yes,No,No,No,Yes
Yes,Twilio Verify Phone Number (RA),Internet and Telecom,NO_INDEX,HAS_PLAN,N/A,N/A,Yes,Yes,Yes,No,No,"Yes, #req",No,No,No,Yes,No,No,No,No,No,,Yes,Yes,No,No,No,No
Yes,uNoGS (RA),Arts and Entertainment,NO_INDEX,HAS_PLAN,https://rapidapi.com/unogs/api/unogs/,https://rapidapi.com/unogs/api/unogs/pricing,Yes,Yes,Yes,No,No,"Yes, #req",No,No,No,Yes,No,No,No,No,No,,Yes,Yes,No,No,No,Yes
Yes,Web Search (RA),Reference,NO_INDEX,HAS_PLAN,https://rapidapi.com/contextualwebsearch/api/web-search/,https://rapidapi.com/contextualwebsearch/api/web-search/pricing,Yes,Yes,Yes,No,No,"Yes, #req",No,No,No,Yes,Yes,No,No,No,No,,Yes,Yes,No,No,No,Yes
Yes,WordsAPI (RA),Reference,NO_INDEX,HAS_PLAN,https://rapidapi.com/dpventures/api/wordsapi/,https://rapidapi.com/dpventures/api/wordsapi/pricing,Yes,Yes,Yes,No,No,"Yes, #req",No,No,No,Yes,No,No,No,No,No,,Yes,Yes,No,No,No,Yes
,,,,,,,,,,,,,,,,,,,,,,,,,,,,
,,,,,Total APIs,APIs having pricing,Yes,Yes,Yes,Yes,Yes,Yes,Yes,Yes,Yes,Yes,Yes,Yes,Yes,Yes,Yes,,Yes,Yes,Yes,Yes,Yes,Yes
,,,,,268,176,209,125,229,3,11,248,20,6,25,160,155,194,4,47,2,,150,163,25,10,18,32
,,,,,,,"78,0%","46,6%","85,4%","1,1%","4,1%","92,5%","7,5%","2,2%","9,3%","59,7%","57,8%","72,4%","1,5%","17,5%","0,7%",,"56,0%","60,8%","9,3%","3,7%","6,7%","11,9%"
,,,,,,,,,,,,,,,,,,,,,,,"85,2%","92,6%","14,2%","5,7%","10,2%","18,2%"
,,,,,,,No,No,No,No,No,No,No,No,No,No,No,No,No,No,No,,No,No,No,No,No,No
,,,,,,,59,59,39,265,257,20,248,262,243,108,113,74,264,221,266,,26,13,151,166,158,144
,,,,,,,"22,0%","22,0%","14,6%","98,9%","95,9%","7,5%","92,5%","97,8%","90,7%","40,3%","42,2%","27,6%","98,5%","82,5%","99,3%",,"9,7%","4,9%","56,3%","61,9%","59,0%","53,7%"
,,,,,,,,,,,,,,,,,,,,,,,"14,8%","7,4%","85,8%","94,3%","89,8%","81,8%"
,,,,,,,N/A,N/A,N/A,N/A,N/A,N/A,N/A,N/A,N/A,N/A,N/A,N/A,N/A,N/A,N/A,,N/A,N/A,N/A,N/A,N/A,N/A
,,,,,,,0,84,0,0,0,0,0,0,0,0,0,0,0,0,0,,92,92,92,92,92,92
,,,,,,,"0,0%","31,3%","0,0%","0,0%","0,0%","0,0%","0,0%","0,0%","0,0%","0,0%","0,0%","0,0%","0,0%","0,0%","0,0%",,"34,3%","34,3%","34,3%","34,3%","34,3%","34,3%"